Owner,Repo,Size,Date
bakkesmodorg,BakkesModSDK,5381033,2023-01-25T00:48:45Z
bakkesmodorg,BakkesModSDK,5369269,2022-11-30T00:34:47Z
bakkesmodorg,BakkesModSDK,5348535,2022-11-01T23:27:29Z
bakkesmodorg,BakkesModSDK,5326007,2022-06-15T00:04:37Z
bakkesmodorg,BakkesModSDK,5325450,2022-03-30T18:02:43Z
bakkesmodorg,BakkesModSDK,5319284,2022-03-08T22:19:49Z
bakkesmodorg,BakkesModSDK,5317990,2022-01-26T01:20:13Z
bakkesmodorg,BakkesModSDK,5317990,2022-01-26T01:18:28Z
bakkesmodorg,BakkesModSDK,5185860,2022-01-24T17:22:01Z
bakkesmodorg,BakkesModSDK,5167898,2022-01-24T17:21:37Z
bakkesmodorg,BakkesModSDK,5167795,2021-10-21T23:46:00Z
bakkesmodorg,BakkesModSDK,5167937,2021-08-25T14:07:47Z
bakkesmodorg,BakkesModSDK,5167906,2021-08-19T17:42:10Z
bakkesmodorg,BakkesModSDK,5167894,2021-08-10T22:47:27Z
bakkesmodorg,BakkesModSDK,5168539,2021-08-10T22:34:25Z
bakkesmodorg,BakkesModSDK,5164009,2021-07-07T18:05:25Z
bakkesmodorg,BakkesModSDK,5164564,2021-07-07T17:51:40Z
bakkesmodorg,BakkesModSDK,5164162,2021-05-19T23:04:55Z
bakkesmodorg,BakkesModSDK,5154258,2021-04-17T19:46:07Z
bakkesmodorg,BakkesModSDK,5153856,2021-04-14T23:44:03Z
bakkesmodorg,BakkesModSDK,5142423,2021-04-14T23:42:58Z
bakkesmodorg,BakkesModSDK,5152232,2021-04-07T00:55:24Z
bakkesmodorg,BakkesModSDK,5105127,2021-02-16T01:06:58Z
bakkesmodorg,BakkesModSDK,6800594,2021-02-02T00:44:41Z
bakkesmodorg,BakkesModSDK,6784586,2021-01-03T00:05:04Z
bakkesmodorg,BakkesModSDK,6772259,2020-11-30T11:14:17Z
bakkesmodorg,BakkesModSDK,6731811,2020-09-29T16:19:21Z
bakkesmodorg,BakkesModSDK,5719244,2020-08-11T08:53:12Z
bakkesmodorg,BakkesModSDK,4001163,2020-06-28T11:43:31Z
bakkesmodorg,BakkesModSDK,5681644,2020-06-17T18:46:46Z
bakkesmodorg,BakkesModSDK,3838643,2020-03-13T23:51:33Z
bakkesmodorg,BakkesModSDK,1729131,2019-12-04T17:35:26Z
bakkesmodorg,BakkesModSDK,1723598,2019-08-29T16:33:52Z
bakkesmodorg,BakkesModSDK,1645315,2019-02-27T23:40:39Z
bakkesmodorg,BakkesModSDK,1585958,2019-02-20T03:00:04Z
bakkesmodorg,BakkesModSDK,1556277,2018-10-04T12:03:19Z
bakkesmodorg,BakkesModSDK,1224565,2018-07-30T23:25:45Z
bakkesmodorg,BakkesModSDK,1191788,2018-06-03T19:34:54Z
bakkesmodorg,BakkesModSDK,1191770,2018-06-03T19:32:59Z
bakkesmodorg,BakkesModSDK,1191643,2018-06-03T19:30:45Z
bakkesmodorg,BakkesModSDK,1188430,2018-06-02T19:12:10Z
bakkesmodorg,BakkesModSDK,1188873,2018-05-11T17:44:23Z
bakkesmodorg,BakkesModSDK,1002318,2018-03-05T20:38:24Z
bakkesmodorg,BakkesModSDK,1001904,2018-02-26T21:30:37Z
bakkesmodorg,BakkesModSDK,1011404,2018-02-26T20:32:09Z
bakkesmodorg,BakkesModSDK,1036336,2018-02-26T20:30:04Z
bakkesmodorg,BakkesModSDK,992282,2018-02-26T20:28:57Z
bakkesmodorg,BakkesModSDK,969225,2018-02-26T20:21:27Z
bakkesmodorg,BakkesModSDK,258901,2018-01-17T15:29:00Z
bakkesmodorg,BakkesModSDK,256724,2018-01-08T17:46:25Z
bakkesmodorg,BakkesModSDK,256724,2018-01-04T18:08:32Z
bakkesmodorg,BakkesModSDK,228610,2017-12-13T23:22:01Z
bakkesmodorg,BakkesModSDK,222025,2017-12-02T15:46:47Z
bakkesmodorg,BakkesModSDK,203845,2017-11-13T16:59:40Z
bakkesmodorg,BakkesModSDK,205861,2017-11-06T19:19:36Z
bakkesmodorg,BakkesModSDK,188494,2017-10-02T14:07:18Z
bakkesmodorg,BakkesModSDK,216404,2017-07-31T19:18:06Z
bakkesmodorg,BakkesModSDK,168840,2017-05-12T14:47:49Z
bakkesmodorg,BakkesModSDK,165347,2017-04-15T12:16:53Z
bakkesmodorg,BakkesModSDK,165035,2017-04-06T17:58:11Z
bakkesmodorg,BakkesModSDK,137595,2017-03-13T23:06:10Z
bakkesmodorg,BakkesModSDK,119879,2017-03-07T00:07:15Z
bakkesmodorg,BakkesModSDK,108784,2016-11-21T15:32:35Z
bakkesmodorg,BakkesModSDK,103176,2016-11-11T17:15:50Z
bakkesmodorg,BakkesModSDK,103122,2016-11-11T13:10:09Z
bakkesmodorg,BakkesModSDK,98909,2016-11-08T21:52:52Z
bakkesmodorg,BakkesModSDK,98855,2016-11-08T17:33:51Z
